page,list_project_name,list_project_code,list_report_code,list_apply_time,list_area,list_project_type,detail_project_code,detail_project_name,detail_project_type,company_name,detail_report_code
1,泽胜牧光吕岭路光伏充换电站,2410-350203-06-05-609489,,2024-10-17,福建省厦门市思明区,备案类,2410-350203-06-05-609489,泽胜牧光吕岭路光伏充换电站,备案类,厦门鑫泽胜新能源科技有限公司,
1,厦门市公安局思明分局40KW分布式光伏发电项目,2409-350203-06-05-561749,,2024-09-20,福建省厦门市思明区,备案类,2409-350203-06-05-561749,厦门市公安局思明分局40KW分布式光伏发电项目,备案类,厦门熙光微品新能源有限公司,
1,福建新华发行（集团）150KW屋顶分布式光伏发电项目,2408-350203-06-01-887379,,2024-08-12,福建省厦门市思明区,备案类,2408-350203-06-01-887379,福建新华发行（集团）150KW屋顶分布式光伏发电项目,备案类,福建泉州市里宽智能科技有限公司,
1,厦门国家会计学院 0.37MWP分布式光伏发电项目,2312-350203-06-05-280659,,2024-08-07,福建省厦门市思明区,备案类,2312-350203-06-05-280659,厦门国家会计学院 0.37MWP分布式光伏发电项目,备案类,厦门益光汇晶新能源科技有限公司,
1,厦门市思明区新华书店0.053MWP分布式光伏发电项目,2407-350203-06-01-562091,,2024-07-16,福建省厦门市思明区,备案类,2407-350203-06-01-562091,厦门市思明区新华书店0.053MWP分布式光伏发电项目,备案类,福建新华发行（集团）有限责任公司厦门分公司,
1,厦门市龙居酒店管理有限公司屋顶86.73KWP分布式光伏发电项目,2405-350203-06-05-768440,,2024-05-31,福建省厦门市思明区,备案类,2405-350203-06-05-768440,厦门市龙居酒店管理有限公司屋顶86.73KWP分布式光伏发电项目,备案类,厦门市龙居酒店管理有限公司,
1,厦门汇成商业中心屋顶294KWP分布式光伏发电项目,2405-350203-06-05-127591,,2024-05-23,福建省厦门市思明区,备案类,2405-350203-06-05-127591,厦门汇成商业中心屋顶294KWP分布式光伏发电项目,备案类,厦门谛光生态科技有限公司,
1,中石化308油库车棚55KW分布式光伏发电项目,2403-350203-06-05-564979,,2024-03-25,福建省厦门市思明区,备案类,2403-350203-06-05-564979,中石化308油库车棚55KW分布式光伏发电项目,备案类,中国石化销售股份有限公司福建厦门石油分公司,
1,中石化308油库52.32kWp分布式光伏发电项目,2403-350203-06-05-276723,,2024-03-22,福建省厦门市思明区,备案类,2403-350203-06-05-276723,中石化308油库52.32kWp分布式光伏发电项目,备案类,中石化森美（福建）石油有限公司厦门分公司,
1,分布式光伏—储能—充放电一体化低碳微电网示范基地,2311-350203-06-01-388497,,2023-11-17,福建省厦门市思明区,备案类,2311-350203-06-01-388497,分布式光伏—储能—充放电一体化低碳微电网示范基地,备案类,厦门大学,
2,厦门思明区华侨银行17.825KWP分布式光伏发电项目,2310-350203-06-01-632831,,2023-10-10,福建省厦门市思明区,备案类,2310-350203-06-01-632831,厦门思明区华侨银行17.825KWP分布式光伏发电项目,备案类,华侨银行有限公司厦门分行,
2,厦门市思明区利用屋顶建设厦门大美洋商业管理有限公司145.08KWP分布式光伏发电项目,2202-350203-06-05-836032,,2023-09-21,福建省厦门市思明区,备案类,2202-350203-06-05-836032,厦门市思明区利用屋顶建设厦门大美洋商业管理有限公司145.08KWP分布式光伏发电项目,备案类,厦门大美洋商业管理有限公司,
2,厦门凯笛迅通信技术有限公司屋顶78.1KW分布式光伏发电项目,2305-350203-06-01-875248,,2023-09-20,福建省厦门市思明区,备案类,2305-350203-06-01-875248,厦门凯笛迅通信技术有限公司屋顶78.1KW分布式光伏发电项目,备案类,厦门凯笛迅通信技术有限公司,
2,国网福建省电力有限公司厦门供电公司观音山基地102.225kWP分布式光伏发电项目,2304-350203-06-05-483513,,2023-09-19,福建省厦门市思明区,备案类,2304-350203-06-05-483513,国网福建省电力有限公司厦门供电公司观音山基地102.225kWP分布式光伏发电项目,备案类,厦门火炬新源电力科技有限公司,
2,南铁快充厦门望海站停车库及其附属设施屋顶0.03465MWP分布式光伏发电项目,2303-350203-06-01-965292,,2023-09-19,福建省厦门市思明区,备案类,2303-350203-06-01-965292,南铁快充厦门望海站停车库及其附属设施屋顶0.03465MWP分布式光伏发电项目,备案类,厦门铁路开发有限公司 福建铁路实业发展有限公司,
2,厦门筼筜街道办事处47.415kW屋顶分布式光伏项目,2306-350203-06-01-605257,,2023-09-19,福建省厦门市思明区,备案类,2306-350203-06-01-605257,厦门筼筜街道办事处47.415kW屋顶分布式光伏项目,备案类,海纳特电（厦门）新能源科技有限公司,
2,厦门思明区汉众酒店180.0kW屋顶分布式光伏发电项目,2301-350203-06-01-396807,,2023-09-19,福建省厦门市思明区,备案类,2301-350203-06-01-396807,厦门思明区汉众酒店180.0kW屋顶分布式光伏发电项目,备案类,厦门万群新能源有限公司,
2,厦门思明区林德（中国）叉车有限公司 4.990635MW分布式光伏发电项目,2306-350203-06-01-155427,,2023-09-19,福建省厦门市思明区,备案类,2306-350203-06-01-155427,厦门思明区林德（中国）叉车有限公司 4.990635MW分布式光伏发电项目,备案类,核顺能源有限公司,
2,中国石化前埔北加油站61.04kWp分布式光伏发电,2306-350203-06-05-803732,,2023-09-19,福建省厦门市思明区,备案类,2306-350203-06-05-803732,中国石化前埔北加油站61.04kWp分布式光伏发电,备案类,中国石化销售股份有限公司福建厦门石油分公司,
2,厦门市思明第二实验小学113.85kw分布式光伏发电项目,2306-350203-06-05-784994,,2023-09-19,福建省厦门市思明区,备案类,2306-350203-06-05-784994,厦门市思明第二实验小学113.85kw分布式光伏发电项目,备案类,核顺能源有限公司,
3,南铁快充厦门文屏铁路公园中心站屋面0.39MWP分布式光伏发电项目,2304-350203-06-01-870192,,2023-09-19,福建省厦门市思明区,备案类,2304-350203-06-01-870192,南铁快充厦门文屏铁路公园中心站屋面0.39MWP分布式光伏发电项目,备案类,福建铁路实业发展有限公司,
3,厦门越海实业有限公司84.10KW屋顶分布式光伏发电项目,2304-350203-06-01-699236,,2023-09-19,福建省厦门市思明区,备案类,2304-350203-06-01-699236,厦门越海实业有限公司84.10KW屋顶分布式光伏发电项目,备案类,厦门越海全球物流有限公司,
3,厦门市莲岳路公交大厦二号楼楼顶202.74kWp分布式光伏发电项目,2304-350203-06-01-513979,,2023-09-19,福建省厦门市思明区,备案类,2304-350203-06-01-513979,厦门市莲岳路公交大厦二号楼楼顶202.74kWp分布式光伏发电项目,备案类,厦门公共交通场站有限公司,
3,中国民生银行股份有限公司厦门分行88KWp屋顶分布式光伏发电项目,2303-350203-06-05-549625,,2023-09-19,福建省厦门市思明区,备案类,2303-350203-06-05-549625,中国民生银行股份有限公司厦门分行88KWp屋顶分布式光伏发电项目,备案类,中国民生银行股份有限公司厦门分行,
3,厦门国家会计学院257.4kWp分布式光伏发电项目,2211-350203-06-05-946021,,2023-09-19,福建省厦门市思明区,备案类,2211-350203-06-05-946021,厦门国家会计学院257.4kWp分布式光伏发电项目,备案类,清阳海欣（厦门）新能源有限公司,
3,厦门思明区洲豪酒店有限公司200kw分布式光伏发电项目,2205-350203-06-03-846611,,2023-09-19,福建省厦门市思明区,备案类,2205-350203-06-03-846611,厦门思明区洲豪酒店有限公司200kw分布式光伏发电项目,备案类,泉州信德新能源科技有限公司 福建胜威投资有限公司,
3,厦门德尔惠45.5KWp分布式光伏发电项目,2205-350203-06-01-570823,,2023-09-19,福建省厦门市思明区,备案类,2205-350203-06-01-570823,厦门德尔惠45.5KWp分布式光伏发电项目,备案类,德尔惠（厦门）有限公司,
3,厦门海峡明珠投资开发有限公司0.5MWP分布式光伏发电项目,2106-350203-06-05-584217,,2023-09-19,福建省厦门市思明区,备案类,2106-350203-06-05-584217,厦门海峡明珠投资开发有限公司0.5MWP分布式光伏发电项目,备案类,华能（福州长乐）光伏发电有限责任公司,
3,厦门市思明区亨龙酒店0.1MWp屋顶分布式光伏发电项目,2204-350203-06-05-808616,,2023-09-19,福建省厦门市思明区,备案类,2204-350203-06-05-808616,厦门市思明区亨龙酒店0.1MWp屋顶分布式光伏发电项目,备案类,厦门亨龙酒店有限公司,
3,厦门思明三安光电有限公司0.6MWP 分布式光伏发电项目,2202-350203-06-05-187166,,2023-09-19,福建省厦门市思明区,备案类,2202-350203-06-05-187166,厦门思明三安光电有限公司0.6MWP 分布式光伏发电项目,备案类,厦门火炬新源电力科技有限公司,
4,厦门市园林植物园公厕20KW屋顶分布式光伏发电项目,2111-350203-06-01-882031,,2023-09-19,福建省厦门市思明区,备案类,2111-350203-06-01-882031,厦门市园林植物园公厕20KW屋顶分布式光伏发电项目,备案类,厦门市园林植物园,
4,厦门广播山休闲度假有限公司屋顶0.024475MWp分布式光伏发电,2109-350203-04-05-840693,,2023-09-19,福建省厦门市思明区,备案类,2109-350203-04-05-840693,厦门广播山休闲度假有限公司屋顶0.024475MWp分布式光伏发电,备案类,厦门广播山休闲度假有限公司,
4,厦门市美亚柏科150kw屋顶分布式光伏项目,2018-350203-44-03-005150,,2023-09-19,福建省厦门市思明区,备案类,2018-350203-44-03-005150,厦门市美亚柏科150kw屋顶分布式光伏项目,备案类,莱尔斯特（厦门）股份公司,
4,厦门智慧电力成套新能源科技有限公司0.4MWp分布式光伏发电项目,2020-350203-44-03-002137,,2023-09-18,福建省厦门市思明区,备案类,2020-350203-44-03-002137,厦门智慧电力成套新能源科技有限公司0.4MWp分布式光伏发电项目,备案类,厦门电力成套设备有限公司,
